XGBoost,LightGBM,CatBoost,Random Forest,Logistic Regression
0.7713121133915039,0.7778050878702225,0.7930338781696775,0.7791876613002334,0.74458236041129
0.7879125182940656,0.7865417516954218,0.7943747036876715,0.783336425288067,0.773864737286913
0.794580834003257,0.7911487642487581,0.7928184198050007,0.7592810174592378,0.7421825077814195
0.7521798280873168,0.7443881021581845,0.7538391771277801,0.7278873703955642,0.6832807701028591
0.7728134726774267,0.7849236287180756,0.7916950095850597,0.7958588419598871,0.7759363469585472
