Model,AUC-ROC,Accuracy,Precision,Recall,F1-Score,Training_Time,TN,FP,FN,TP
LightGBM,0.7596876826393312,0.8278350515463917,0.8531468531468531,0.9469598965071151,0.897608828939301,0.43255,71,126,41,732
CatBoost,0.7560431045238736,0.8206185567010309,0.846242774566474,0.9469598965071151,0.8937728937728938,1.543269,64,133,41,732
XGBoost,0.7515251410221893,0.8185567010309278,0.8458864426419467,0.944372574385511,0.8924205378973105,2.202606,64,133,43,730
Random Forest,0.7436581057387329,0.8144329896907216,0.8137566137566138,0.9948253557567918,0.8952270081490105,1.091881,21,176,4,769
Logistic Regression,0.7427124854709387,0.831958762886598,0.8419282511210763,0.9715394566623544,0.9021021021021021,5.569146,56,141,22,751
